Company,Complaint Count
Experian Information Solutions Inc.,7608
"EQUIFAX, INC.",6697
"TRANSUNION INTERMEDIATE HOLDINGS, INC.",3451
Pending Company Match,202
LEXISNEXIS,122
"BANK OF AMERICA, NATIONAL ASSOCIATION",85
"Portfolio Recovery Associates, LLC",68
NAVY FEDERAL CREDIT UNION,66
"CITIBANK, N.A.",62
SYNCHRONY FINANCIAL,61
Chime Financial Inc,55
Resurgent Capital Services L.P.,53
U.S. BANCORP,52
JPMORGAN CHASE & CO.,52
ENCORE CAPITAL GROUP INC.,52
"I.C. System, Inc.",52
"Kriya Capital, LLC",50
CAPITAL ONE FINANCIAL CORPORATION,36
CL Holdings LLC,36
MOHELA,30
"National Credit Systems,Inc.",29
"Paypal Holdings, Inc",29
WELLS FARGO & COMPANY,26
"Block, Inc.",24
"Affirm Holdings, Inc",23
"Imprint Payments, Inc.",22
"Rowland Avenue Management, Inc. A/KA Columbia Debt Recovery, LLC d/b/a Genesis",21
Credit Corp Solutions Inc.,21
"CBC Companies, Inc.",20
"Bread Financial Holdings, Inc.",19
DISCOVER BANK,18
"Receivables Management Partners, LLC",15
TRANSWORLD SYSTEMS INC,13
CCM Finance LLC,13
GOLDMAN SACHS BANK USA,12
Self Financial Inc.,12
TD BANK US HOLDING COMPANY,11
AMERICAN EXPRESS COMPANY,11
Bridgecrest Acceptance Corporation,11
"Credit Control, LLC",11
"CCS Financial Services, Inc.",11
Radius Global Solutions LLC,11
"MILLENNIUM FINANCIAL GROUP, L.L.C.",10
"Revco Management, LLC",10
"Upstart Holdings, Inc.",10
"National Credit Adjusters, LLC",9
"SANTANDER HOLDINGS USA, INC.",9
TRUIST FINANCIAL CORPORATION,9
Atlanticus Services Corporation,9
PNC Bank N.A.,8
"Coinbase, Inc.",8
FinCo Services Inc DBA Current,7
"Avadyne Health Holdings, Inc",7
"SOFI TECHNOLOGIES, INC.",7
"Rocket Mortgage, LLC",7
"ID Analytics, Inc.",7
"American Credit Acceptance, LLC",6
Conduent Incorporated,6
Kikoff Inc.,6
"Westlake Services, LLC",6
"Credit Karma, LLC",6
"ONLINE Information Services, Inc.",6
EdFinancial Services,6
"Security Credit Services, LLC",6
"Capio Partners, LLC",6
Servatus Corporation,6
Ocwen Financial Corporation,5
"Aargon Agency, Inc.",5
Rain Technologies Inc.,5
"Exeter Finance, LLC.",5
"Paramount GR Holdings, LLC",5
"ENOVA INTERNATIONAL, INC.",5
"Shellpoint Partners, LLC",5
CrossCountry Mortgage LLC,5
700 Credit Experts,4
"ARS National Services, Inc.",4
World Omni Financial Corp.,4
"Innovate Managed Holdings, LLC",4
"Credit Management Services, Inc.",4
NCB Management Services Inc.,4
Source Receivables Management LLC,4
Mr. Cooper Group Inc.,4
Netspend Corporation,4
"BMW Financial Services NA, LLC",4
"Continental Finance Company, LLC",4
ALLY FINANCIAL INC.,4
Thaxton Investment Corporation,4
"CAINE & WEINER COMPANY, INC.",4
"Harris & Harris, Ltd.",4
Comerica,4
"Nelnet, Inc.",4
"LD Holdings Group, LLC",4
T.S. Holdings,4
"PINNACLE FINANCIAL PARTNERS, INC.",4
"Maximus Federal Services, Inc.",4
"Fidelity National Information Services, Inc. (FNIS)",4
TOYOTA MOTOR CREDIT CORPORATION,4
"Speed1, Inc",3
"CITIZENS FINANCIAL GROUP, INC.",3
Upward Financial Inc.,3
Absolute Resolutions Corp.,3
Southern Management Systems Inc.,3
"Sequium Asset Solutions, LLC",3
"Ray Klein, Inc.",3
"Firstsource Business Process Services, LLC",3
BMO BANK NATIONAL ASSOCIATION,3
"GOLDEN 1 CREDIT UNION, THE",3
CORELOGIC INC,3
Meta Payments Inc.,3
"Credit Systems International, Inc.",3
FIFTH THIRD FINANCIAL CORPORATION,3
TrueAccord Corp.,3
Freedom Mortgage Company,3
"ProCollect, Inc.",3
"Leafy Financial, LLC",3
Stellantis Financial Services US Corp.,3
"Business Processing Solutions, LLC",3
Regional Management Corporation,3
Prince Parker & Associates,3
"Sparrow Financial, Inc.",3
"Ava Finance, Inc",3
CSO Financial,3
"LoanCare, LLC",3
PENTAGON FEDERAL CREDIT UNION,3
"Fay Servicing, LLC",2
"Yardstik, Inc.",2
MONEYGRAM PAYMENT SYSTEMS WORLDWIDE INC,2
"American International Finance, Inc.",2
"DCS2 Asset Recovery, LLC",2
"SUNRISE CREDIT SERVICES, INC",2
BARCLAYS BANK DELAWARE,2
SC Opportunity Fund LLC,2
AmeriCollect,2
"FEDChex Recovery, LLC",2
"Opportunity Financial, LLC",2
Healthcare Finance Direct LLC.,2
"CarMax, Inc.",2
"Southwest Credit Systems, L.P.",2
"W&A Intermediate Co., LLC",2
"Skrill USA, Inc.",2
"BANK OF NEW YORK MELLON CORPORATION, THE",2
"Law Office of Michael J. Scott, PC",2
Swe Homes LP,2
"American Collection Systems, Inc.",2
"UPGRADE, INC.",2
"Continental Services Group, Inc. d/b/a ConServe",2
MORTGAGE FINANCIAL SERVICES,2
Possible Financial Inc,2
MORGAN STANLEY & CO. LLC,2
Velocity Portfolio Group,2
"Americor Funding, LLC",2
"Amsher Collection Services, Inc.",2
"Collection Management Holdings, LLC",2
"Aldous & Associates, PLLC",2
"Ability Recovery Services, LLC",2
FISERV FINXACT CORE,2
"FAIR COLLECTIONS & OUTSOURCING, INC.",2
FIRST PORTFOLIO SERVICING INC,2
United Revenue Corporation,2
Rent Recovery Solutions,2
OneMain Finance Corporation,2
Global Lending Services LLC,2
"Spring Oaks Capital, LLC",2
The Receivable Management Services LLC,2
CONTRACT CALLERS INC,2
"CLGF Holdco 1, LLC",2
"Remitly, Inc.",2
"MRS BPO, LLC",2
"Early Warning Services, LLC",2
"Goal Structured Solutions, LLC",2
"Mortgage Research Center, LLC",2
Selene Holdings LLC,2
"Tesla, Inc.",2
Other Government Agency or Office,2
"Lockhart, Morris & Montgomery Inc.",2
"CENTRAL ALABAMA TITLE CENTER, LLC",2
Granite Edvance Corporation,2
"Financial Recovery Services, Inc.",2
First Credit Services Inc.,2
FIRST NATIONAL BANK OF OMAHA,2
EQUITY LOANS LLC,2
"VANDERBILT MORTGAGE & FINANCE, INC",2
KEYCORP,2
TransferWise Ltd,2
TClub Inc,2
"Oliver Enterprises, Inc",1
"Flyhomes, Inc.",1
"First Premier Mortgage Lending, LLC",1
Lender Estimate LLC,1
"Landmark Strategy Group, LLC",1
"CUSO Development Company, LLC",1
Blackhawk Network Holdings Inc.,1
SUNCOAST CREDIT UNION,1
"Savvy Money, Inc.",1
MIDFIRST BANK,1
NOVAE LLC,1
"Debt Recovery Pro ,LLC",1
"FIRST CITIZENS BANCSHARES, INC.",1
Retl Mnanagement LLC,1
"BROKER SOLUTIONS, INC.",1
"Adler Wallach & Associates, Inc.",1
Starmark Financial LLC,1
Meadowbrook Financial Mortgage Bankers Corp.,1
"GLOBAL CLIENT SOLUTIONS, LLC",1
SGCP Holdco LLC,1
"Prosser Holdings, LLC",1
"National Recovery Solutions, LLC",1
NISSAN MOTOR ACCEPTANCE COMPANY LLC,1
NATIONS LENDING CORPORATION,1
"Skopos Financial, LLC",1
NATIONAL DEBT RELIEF LLC,1
APPLE RECOVERY SERVICES CORP,1
"Servicing Solutions, LLC",1
"First Southwestern Financial Services, LLC",1
"Universal Account Servicing, LLC",1
"Total Loan Company, LLC",1
"Southwest Recovery Services, Inc.",1
"RFNA, LP",1
Mar Joe Enterprises,1
Metacorp LLC,1
"EGL US, LLC",1
"Select Mortgage, Inc.",1
BANNER CORPORATION,1
Mid Atlantic Auto Finance,1
"Select Management Resources, LLC",1
"Digits Financial, Inc.",1
Rhode Island Student Loan Authority,1
"Atlanta Check Cashers, Inc",1
CARVANT FINANCIAL LLC,1
Middle Georgia Management Services,1
VALLEY NATIONAL BANCORP,1
Professional Collection Service Inc (GA),1
Exto Inc.,1
FMS Inc.,1
MOUNTAIN AMERICA FEDERAL CREDIT UNION,1
"Rubin & Rothman, LLC",1
Receivables Management Corporation,1
Longhorn Asset Management LLC,1
LJ Ross Associates,1
"United Shore Financial Services, LLC",1
"Open Dealer Exchange, LLC",1
CHRISTUS HEALTH,1
CREDIT ACCEPTANCE CORPORATION,1
"Cascade CISS Holdings, LLC",1
"Arivo Acceptance, LLC",1
"General Motors Financial Company, Inc.",1
"The CBE Group, Inc.",1
MoneyLion Inc.,1
"William D. Meeker Enterprises, Inc.",1
"CMG Financial Services, Inc.",1
Armada Corp.,1
"GLA Collection Company, Inc.",1
MicroBilt / PRBC (formerly CL Verify),1
"Optio Solutions, LLC",1
FIRST ADVANTAGE CORPORATION,1
"Lennar Financial Services, LLC",1
"Collection Management Services, Inc.",1
"Reliant Capital Solutions, LLC",1
Synergetic Communication Inc,1
Climb Credit Inc.,1
"Debt Recovery Solutions, LLC",1
"Collection Professionals, Inc. (Macomb, IL)",1
DOLLAR MUTUAL BANCORP,1
"Portnoy Schneck, L.L.C.",1
"RentDebt Automated Collections, LLC",1
SUN LOAN COMPANY INC.,1
FC HoldCo LLC,1
Nationwide Credit Corporation,1
"Dave Operating, LLC",1
OKX INC.,1
SG and Associates,1
Klarna AB,1
"TIDEWATER FINANCE COMPANY, INC.",1
"HW Holding, Inc",1
ADIR INTERNATIONAL LLC,1
B&F Finance Corp.,1
"Sensible Auto Lending, LLC",1
UNITED SERVICES AUTOMOBILE ASSOCIATION,1
CADENCE BANK,1
Kovo,1
MISSION FINANCIAL SERVICES CORPORATION,1
Monterey Financial Services LLC,1
"Palmar, Inc.",1
"Mandarich Law Group, LLP",1
"American First Finance, Inc.",1
"PENNYMAC LOAN SERVICES, LLC.",1
"National Commercial Services, Inc",1
Sunlight Financial LLC,1
BTH Management,1
Grow Credit Inc,1
REGIONS FINANCIAL CORPORATION,1
"Tower Loan of Mississippi, Inc.",1
"Avant Holding Company, Inc.",1
TOLEDO FINANCE CORPORATION,1
"Summit A*R, Inc.",1
"Chek Cash, Inc.",1
"Credit Clearing House of America, Inc.",1
"Consumer Portfolio Services, Inc.",1
FIRST HORIZON BANK,1
"Midwest Credit & Collection, Inc.",1
"P&B Capital Group, LLC",1
Lendmark Financial Services,1
Central Research Inc,1
"Bilt Technologies, Inc.",1
DriveTime,1
Incomm Holdings Inc.,1
AMERICAN HONDA FINANCE CORP,1
Harley Davidson Financial Services Inc,1
"Sentry Recovery and Collections, Inc.",1
United PanAm Financial Corp.,1
"Uetsa Tsakits, Inc. d/b/a MaxLend",1
OPORTUN FINANCIAL CORPORATION,1
"Fenix Holdings, LLC",1
RoundPoint Mortgage Servicing LLC,1
Servicer under contract with Federal Student Aid,1
FDR Asset USA LTD,1
STATE EMPLOYEES CREDIT UNION,1
"HUNTINGTON NATIONAL BANK, THE",1
"A.R.M. Solutions, Inc.",1
Retail Merchants Associates,1
Hunt & Henriques,1
"United Collection Bureau, Inc.",1
Army and Air Force Exchange Service,1
SECURITY SERVICE FEDERAL CREDIT UNION,1
"TEXAS CAPITAL BANCSHARES, INC.",1
World Acceptance Corporation,1
1st Franklin Financial Corporation,1
"Porsche Financial Services, Inc.",1
"CHARLES SCHWAB CORPORATION, THE",1
CNG HOLDINGS INC,1
"YREFY SLP5, LLC",1
Ricart Financial Services,1
"Credit Adjustment Services of Harrisburg, Inc",1
"Sherloq Group, Inc",1
"McCarthy, Burgess & Wolff, Inc.",1
"Madison Auto, LLC",1
"Prime Home Lending, LLC",1
"Axela Technologies, Inc",1
"Synerprise Consulting Services, Inc.",1
"Loan Ridge USA, LLC",1
"PLANET HOME LENDING, LLC",1
Santo Domingo Motors Inc.,1
"Professional Finance Company, Inc.",1
ABSOLUTE CREDIT  LLC,1
Strauss Factor Laing & Lyons,1
Huntington Debt Holding LLC,1
"January Technologies, Inc",1
Reliant Financial Corporation,1
MIDWEST RECEIVABLE SOLUTIONS LLC,1
"Kelsting Group, Inc.",1
"Total Card, Inc.",1
"IMPAC MORTGAGE HOLDINGS, INC.",1
"SELECT PORTFOLIO SERVICING, INC.",1
"CARDINAL FINANCIAL COMPANY, LIMITED PARTNERSHIP",1
M&T BANK CORPORATION,1
FourLeaf Federal Credit Union,1
RANDOLPH-BROOKS FEDERAL CREDIT UNION,1
"Cedars Business Services, LLC",1
"Cornerstone First Mortgage, Inc.",1
AMERICA FIRST FEDERAL CREDIT UNION,1
"SERVICEMAC, LLC",1
"Advance America, Cash Advance Centers, Inc.",1
FIRST TECHNOLOGY FEDERAL CREDIT UNION,1
American Financial Network Inc.,1
FORD MOTOR CREDIT CO.,1
"FIRST INTERSTATE BANCSYSTEM, INC.",1
"Diversified Adjustment Service, Inc.",1
"CENTRAL BANCOMPANY, INC",1
"Gurstel Law Firm, P.C.",1
AUTOMOTIVE CREDIT CORPORATION,1
"HOPE BANCORP, INC.",1
ACE Midland Holdings,1
eMortgage Funding LLC,1
"Seattle Service Bureau, Inc",1
FREEDOM FINANCIAL NETWORK,1
Embassy Loans,1
"Applied Data Finance, LLC",1
CCF Intermediate Holdings LLC,1
"Kinum, Inc., Indianapolis, IN Branch",1
"Consumer Financial Services Solutions, Inc.",1
"WESTERN UNION COMPANY, THE",1
LAND HOME FINANCIAL SERVICES,1
Debt Co LLC,1
Mortgage Origination Holdings LLC,1
